{
  "timestamp": "2025-09-16T16:43:26.956Z",
  "assetCount": 1000,
  "environment": {
    "node": "v22.15.0",
    "platform": "darwin",
    "arch": "arm64"
  },
  "results": [
    {
      "operation": "Upload",
      "samples": 100,
      "min": 13.792917,
      "max": 18.41425,
      "mean": 15.647843330000006,
      "p50": 15.76175,
      "p95": 16.781125,
      "p99": 18.41425,
      "sloMet": true,
      "sloThreshold": 2500
    },
    {
      "operation": "Search",
      "samples": 1000,
      "min": 6.199958,
      "max": 25.138125,
      "mean": 8.541389217000004,
      "p50": 8.480125,
      "p95": 9.565542,
      "p99": 11.498584,
      "sloMet": true,
      "sloThreshold": 500
    },
    {
      "operation": "Pagination",
      "samples": 500,
      "min": 2.131875,
      "max": 6.636458,
      "mean": 3.4749186619999968,
      "p50": 3.499833,
      "p95": 3.739375,
      "p99": 4.423875,
      "sloMet": true,
      "sloThreshold": 300
    }
  ]
}